rbp	uniprot	rule	n_spans	rbd_len	frac_of_protein	families	spans
HNRNPK	P61978	rbd	3	194	0.419	KH	42-104,144-209,387-451
SRSF1	Q07955	rbd	2	151	0.609	RRM	16-91,121-195
RBM10	P98175	rbd	5	270	0.29	C2H2;G-PATCH;RANBP2;RRM	129-209,212-242,300-384,759-784,858-904
TARDBP	Q13148	rbd	1	159	0.384	RRM	104-262
RBM4	Q9BWF3	rbd	3	160	0.44	CCHC;RRM	2-72,78-148,160-177
HNRNPM	P52272	rbd	3	234	0.321	RRM	71-149,204-281,653-729
HNRNPL	P14866	rbd	4	339	0.576	RRM	102-176,193-270,382-478,495-583
EWSR1	Q01844	rbd	2	119	0.181	RANBP2;RRM	361-447,518-549
NONO	Q15233	rbd	2	150	0.318	RRM	74-141,148-229
SFPQ	P23246	rbd	2	155	0.219	RRM	297-369,371-452
ZNF326	Q5BKZ1	rbd	2	47	0.081	C2H2	314-336,407-430
HNRNPH1	P31943	rbd	3	234	0.521	RRM	11-90,111-188,289-364
HNRNPD	Q14103	rbd	2	163	0.459	RRM	97-179,182-261
HNRNPU	Q00839	rbd	1	35	0.042	SAP	8-42
RBM6	P78332	rbd	2	128	0.114	G-PATCH;RRM	456-536,1051-1097
RBM42	Q9BTD8	rbd	1	79	0.165	RRM	381-459
U2AF2	P26368	rbd	3	244	0.514	RRM	149-231,259-337,385-466
RBM5	P52756	rbd	5	274	0.336	C2H2;G-PATCH;RANBP2;RRM	98-178,181-210,231-315,647-677,743-789
ILF3	Q12906	rbd	3	511	0.572	DRBM;DZF	5-378,398-467,524-590
APOBEC3B	Q9UH17	aux_fallback	2	227	0.594	DEAMINASE	29-138,210-326
HNRNPA0	Q13151	rbd	2	158	0.518	RRM	7-86,98-175
HNRNPA2B1	P22626	rbd	2	164	0.465	RRM	21-104,112-191
DDX5	P17844	aux_fallback	2	324	0.528	HELICASE	125-300,328-475
ZRANB2	O95218	rbd	2	62	0.188	RANBP2	9-40,65-94
DKC1	O60832	rbd	1	76	0.148	PUA	296-371
SNRPB2	P08579	rbd	2	155	0.689	RRM	7-86,151-225
YTHDC1	Q96MU7	rbd	1	138	0.19	YTH	355-492
SAMD4A	Q9UPU9	aux_fallback	1	69	0.096	SAM	323-391
ADAR1	P55265	rbd	3	207	0.169	DRBM	503-571,614-682,726-794
BICC1	Q9H694	rbd	2	133	0.137	KH	132-199,284-348
YTHDF1	Q9BYJ9	rbd	1	135	0.242	YTH	389-523
EIF2AK2	P19525	rbd	2	137	0.249	DRBM	9-77,100-167
ELAVL1	Q15717	rbd	3	239	0.733	RRM	20-98,106-186,244-322
LIN28b	Q6ZN17	rbd	3	110	0.44	CCHC;CSD	29-102,127-144,149-166
DDX56	Q9NY93	aux_fallback	2	376	0.687	HELICASE	38-218,230-424
SSB	P05455	rbd	3	292	0.716	LA-TYPE;RRM	7-99,111-187,227-348
HDLBP	Q00341	rbd	1	1052	0.83	KH	158-1209
RBM7	Q9Y580	rbd	1	78	0.293	RRM	10-87
DDX39B	Q13838	aux_fallback	2	336	0.785	HELICASE	76-249,261-422
RBM41	Q96IZ5	rbd	1	79	0.191	RRM	309-387
SF3A1	Q15459	aux_fallback	1	87	0.11	UBIQUITIN	707-793
EMG1	Q92979	whole_protein_fallback	1	244	1.0		1-244
IMP3	Q9NV31	whole_protein_fallback	1	184	1.0		1-184
THUMPD1	Q9NXG2	rbd	1	108	0.306	THUMP	147-254
SMN1	Q16637	rbd	1	61	0.207	TUDOR	91-151
SNRPB	P14678	rbd	1	83	0.346	SM	4-86
RBM15	Q96T37	rbd	4	416	0.426	RRM;SPOC	170-252,374-451,455-529,777-956
FXR1	P51114	rbd	4	160	0.258	AGENET;KH	4-50,63-115,222-251,285-314
SF3B3	Q15393	whole_protein_fallback	1	1217	1.0		1-1217
IGF2BP1	Q9NZI8	rbd	6	417	0.723	KH;RRM	2-75,81-156,195-260,276-343,405-470,487-553
ZCCHC7	Q8N3Z6	rbd	4	72	0.133	CCHC	241-258,263-280,304-321,348-365
PCBP1	Q15365	rbd	3	194	0.545	KH	13-75,97-162,279-343
YBX1	P67809	rbd	1	65	0.201	CSD	61-125
HNRNPC	P07910	rbd	1	72	0.235	RRM	16-87
RBM12	Q9NTZ6	rbd	3	231	0.248	RRM	304-379,430-507,856-932
EFTUD2	Q15029	aux_fallback	1	283	0.291	TR-TYPE	127-409
SF3B1	O75533	whole_protein_fallback	1	1304	1.0		1-1304
CNBP	P62633	rbd	6	126	0.712	CCHC	4-21,52-69,72-89,96-113,117-152,156-173
LARP1	Q6PKG0	rbd	1	91	0.083	LA-TYPE	397-487
RBM8A	Q9Y5S9	rbd	1	79	0.454	RRM	73-151
PABPC4	Q13310	rbd	5	389	0.604	PABC;RRM	11-89,99-175,191-268,294-370,551-628
CSDE1	O75534	rbd	9	514	0.644	CSD	26-87,136-179,186-245,297-337,349-410,447-507,519-579,610-670,674-735
G3BP1	Q13283	rbd	2	199	0.427	NTF2;RRM	11-133,340-415
TRMT1L	Q7Z2T5	rbd	1	23	0.031	C2H2	184-206
AGO2	Q9UKV8	rbd	2	422	0.491	PAZ;PIWI	229-348,517-818
UPF1	Q92900	aux_fallback	2	600	0.531	HELICASE;UPF1	115-272,481-922
DDX6	P26196	aux_fallback	2	333	0.689	HELICASE	127-298,308-468
